{
  "text_len": {
    "mean": 470.3005780346821,
    "std": 504.9928360515949
  },
  "word_count": {
    "mean": 92.22254335260115,
    "std": 96.86099204622712
  },
  "kindle_freq": {
    "mean": 0.017341040462427744,
    "std": 0.13072765979484233
  },
  "sentiment": {
    "mean": 0.1574534773826599,
    "std": 0.2454732209444046
  },
  "user_avg_len": {
    "mean": 470.3005780346821,
    "std": 501.2506481686782
  },
  "user_review_count": {
    "mean": 1.2196531791907514,
    "std": 0.49139363595149615
  },
  "item_avg_len": {
    "mean": 470.3005780346821,
    "std": 497.88549963181924
  },
  "item_review_count": {
    "mean": 1.1098265895953756,
    "std": 0.36445945519268663
  },
  "exclamation_count": {
    "mean": 0.0,
    "std": 0.0
  },
  "caps_ratio": {
    "mean": 0.0,
    "std": 0.0
  },
  "question_count": {
    "mean": 0.0,
    "std": 0.0
  },
  "avg_word_length": {
    "mean": 4.982769494931331,
    "std": 0.4949323060854676
  }
}