{
  "text_len": {
    "mean": 601.2245483398438,
    "std": 732.4917602539062
  },
  "word_count": {
    "mean": 109.68667602539062,
    "std": 130.98837280273438
  },
  "kindle_freq": {
    "mean": 0.059123024344444275,
    "std": 0.3872537612915039
  },
  "sentiment": {
    "mean": 0.15876439213752747,
    "std": 0.20906229317188263
  },
  "user_avg_len": {
    "mean": 601.2245359114441,
    "std": 657.3552362787237
  },
  "user_review_count": {
    "mean": 3.4863705271588343,
    "std": 6.970470888238557
  },
  "item_avg_len": {
    "mean": 601.2245359114441,
    "std": 606.6412067263636
  },
  "item_review_count": {
    "mean": 2.872200451932153,
    "std": 3.294997385344768
  },
  "exclamation_count": {
    "mean": 0.6470066905021667,
    "std": 1.8558977842330933
  },
  "caps_ratio": {
    "mean": 0.028905227780342102,
    "std": 0.05061262100934982
  },
  "question_count": {
    "mean": 0.3205285966396332,
    "std": 1.080593228340149
  },
  "avg_word_length": {
    "mean": 5.402653569116324,
    "std": 0.4300861517900886
  }
}