{
  "text_len": {
    "mean": 613.4710693359375,
    "std": 749.8142700195312
  },
  "word_count": {
    "mean": 118.91329193115234,
    "std": 142.873291015625
  },
  "kindle_freq": {
    "mean": 0.06647399067878723,
    "std": 0.4487376809120178
  },
  "sentiment": {
    "mean": 0.16871358454227448,
    "std": 0.18758776783943176
  },
  "user_avg_len": {
    "mean": 613.471098265896,
    "std": 745.7643458551381
  },
  "user_review_count": {
    "mean": 1.0404624277456647,
    "std": 0.23733744100557433
  },
  "item_avg_len": {
    "mean": 613.471098265896,
    "std": 749.7888470124756
  },
  "item_review_count": {
    "mean": 1.0115606936416186,
    "std": 0.10705216425099406
  },
  "exclamation_count": {
    "mean": 0.0,
    "std": 0.0
  },
  "caps_ratio": {
    "mean": 0.0,
    "std": 0.0
  },
  "question_count": {
    "mean": 0.0,
    "std": 0.0
  },
  "avg_word_length": {
    "mean": 5.116587888268199,
    "std": 0.3930566531280884
  }
}