{
  "text_len": {
    "mean": 555.5478260869565,
    "std": 646.3952627008205
  },
  "word_count": {
    "mean": 103.02898550724638,
    "std": 117.47708472918373
  },
  "kindle_freq": {
    "mean": 0.06376811594202898,
    "std": 0.30782952399163527
  },
  "sentiment": {
    "mean": 0.16606898605823517,
    "std": 0.21659019589424133
  },
  "user_avg_len": {
    "mean": 555.5478260869565,
    "std": 646.0090954001631
  },
  "user_review_count": {
    "mean": 1.0115942028985507,
    "std": 0.10720583316205486
  },
  "item_avg_len": {
    "mean": 555.5478260869565,
    "std": 645.6935257896844
  },
  "item_review_count": {
    "mean": 1.0231884057971015,
    "std": 0.15072010052542095
  },
  "exclamation_count": {
    "mean": 0.7536231884057971,
    "std": 2.129566209658953
  },
  "caps_ratio": {
    "mean": 0.03060336984344687,
    "std": 0.057502125124383886
  },
  "question_count": {
    "mean": 0.32753623188405795,
    "std": 1.1713493582947916
  },
  "avg_word_length": {
    "mean": 5.332087016301778,
    "std": 0.4155497722350805
  }
}