{
  "text_len": {
    "mean": 514.685998248353,
    "std": 509.85124454958935
  },
  "word_count": {
    "mean": 101.04209664521534,
    "std": 98.57563783260052
  },
  "kindle_freq": {
    "mean": 0.03981188835154792,
    "std": 0.290089843127398
  },
  "sentiment": {
    "mean": 0.3649708693499867,
    "std": 0.633184754859953
  },
  "user_avg_len": {
    "mean": 514.685998248353,
    "std": 462.35736477450274
  },
  "user_review_count": {
    "mean": 6.796885114809032,
    "std": 12.707108087987699
  },
  "item_avg_len": {
    "mean": 514.685998248353,
    "std": 377.8911119956016
  },
  "item_review_count": {
    "mean": 6.530672860896386,
    "std": 8.727898765799036
  },
  "exclamation_count": {
    "mean": 0.0,
    "std": 0.0
  },
  "caps_ratio": {
    "mean": 0.0,
    "std": 0.0
  },
  "question_count": {
    "mean": 0.0,
    "std": 0.0
  },
  "avg_word_length": {
    "mean": 5.022923585693641,
    "std": 0.41805554132035233
  }
}