{
  "best_model": "logreg",
  "best_params": {
    "use_stemming": false,
    "tfidf_max_features": 2000,
    "text_weight": 0.8339152856093507,
    "numeric_weight": 7.361716094628554,
    "logreg_C": 2.3661540064603184,
    "logreg_solver": "lbfgs",
    "logreg_penalty_liblinear_saga": "l1"
  },
  "best_val_f1_macro": 0.5249743342060744,
  "test_metrics": {
    "accuracy": 0.5301752977385253,
    "f1_macro": 0.5259699799863599,
    "f1_weighted": 0.5271867826105452
  },
  "sizes": {
    "train": 34961,
    "val": 7566,
    "test": 7473
  },
  "duration_sec": 9467.243525981903
}