{
  "best_model": "rf",
  "best_params": {
    "use_stemming": false,
    "tfidf_max_features": 1500,
    "use_svd": false,
    "text_weight": 0.7360384796388233,
    "numeric_weight": 6.308267601965082,
    "rf_n_estimators": 250,
    "rf_max_depth": 14,
    "rf_min_samples_split": 8,
    "rf_bootstrap": true
  },
  "best_val_f1_macro": 0.5222808527877653,
  "test_metrics": {
    "accuracy": 0.4057971014492754,
    "f1_macro": 0.396109286626528,
    "f1_weighted": 0.40220101589416934
  },
  "sizes": {
    "train": 345,
    "val": 86,
    "test": 69
  },
  "duration_sec": 32.56885743141174
}