{
  "best_model": "rf",
  "best_params": {
    "use_stemming": true,
    "tfidf_max_features": 5000,
    "use_svd": true,
    "svd_components": 100,
    "text_weight": 0.7435632764667296,
    "numeric_weight": 4.062711764665497,
    "rf_n_estimators": 200,
    "rf_max_depth": 18,
    "rf_min_samples_split": 7,
    "rf_bootstrap": false
  },
  "best_val_f1_macro": 0.39670551670551674,
  "test_metrics": {
    "accuracy": 0.36486486486486486,
    "f1_macro": 0.34324657652662766,
    "f1_weighted": 0.33200417903103324
  },
  "sizes": {
    "train": 346,
    "val": 80,
    "test": 74
  },
  "duration_sec": 20.86008882522583
}