{
  "model": "mlp",
  "best_params": {
    "use_stemming": true,
    "tfidf_max_features": 3000,
    "use_svd": false,
    "text_weight": 0.5488409087174669,
    "numeric_weight": 4.220475717487923,
    "mlp_hidden": 128,
    "mlp_epochs": 3,
    "mlp_lr": 0.0005532610686478057
  },
  "val_f1_macro": 0.08518518518518518,
  "test_f1_macro": 0.08455988455988456,
  "val_accuracy": 0.26744186046511625,
  "test_accuracy": 0.18840579710144928
}