{
  "model": "logreg",
  "best_params": {
    "use_stemming": true,
    "tfidf_max_features": 1500,
    "text_weight": 0.7850777522437721,
    "numeric_weight": 1.6556617719070899,
    "logreg_C": 0.005175643755019891,
    "logreg_solver": "liblinear",
    "logreg_penalty_liblinear_saga": "l1"
  },
  "val_f1_macro": 0.08440366972477065,
  "test_f1_macro": 0.059259259259259255,
  "val_accuracy": 0.26744186046511625,
  "test_accuracy": 0.17391304347826086
}