{
  "model": "hist_gb",
  "best_params": {
    "use_stemming": false,
    "tfidf_max_features": 2500,
    "use_svd": true,
    "svd_components": 100,
    "text_weight": 0.498570724476491,
    "numeric_weight": 7.311827097944123,
    "hist_gb_lr": 0.0505441808962445,
    "hist_gb_max_iter": 100,
    "hist_gb_l2_regularization": 0.03044014454923394,
    "hist_gb_min_samples_leaf": 20
  },
  "val_f1_macro": 0.3683562700442496,
  "test_f1_macro": 0.3498163343364582,
  "val_accuracy": 0.3953488372093023,
  "test_accuracy": 0.36231884057971014
}