number,value,logreg_C,logreg_penalty,logreg_solver,numeric_weight,text_weight,tfidf_max_features,use_stemming
1,0.5158576030255427,15.702558167182604,l2,lbfgs,1.192120721755567,0.3308210577211682,2500,False
0,0.46885825579404006,0.045255454502863134,l2,lbfgs,8.71804091835427,0.9463761909955307,3500,True
